Workbook

Sheet Leia-me
B2: Restrição regional de disponibilidade de sucata — arquivo de input
B3: Complementa o Model_Config para regionalizar a Constraint D (teto de sucata).
B5: Abas lidas pelo modelo
B6: Scrap_Regional_Share — colunas Region, Share. Fração regional do teto nacional de sucata.
B7: UF_Region — colunas UF, Region. Mapeia cada unidade da federação em sua macrorregião.
B8: Integração: copiar essas duas abas para o Model_Config (o loader lê por nome de aba), ou apontar o loader para este arquivo.
B10: Aba de conferência (NÃO lida pelo modelo)
B11: Validacao — recalcula os tetos regionais e a EAF máxima nos anos-âncora 2024 e 2050, a partir das shares e do envelope nacional.
B13: Como a restrição usa estes dados
B14: Para cada macrorregião g e ano y: Σ (produção EAF em g) × 0,95 ≤ Scrap_supply_kt(y) × Share(g)
B15: 0,95 = Scrap_rate_t_per_t da EAF (Model_Config, aba Routes); demais rotas têm coeficiente 0.
B16: Scrap_supply_kt(y) = série nacional já existente (Model_Config, aba Scrap_Supply). Fronteira rígida: sem fluxo de sucata entre regiões.
... B30: Registro metodológico: Restricao_Sucata_Metodologia.docx.

Sheet Scrap_Regional_Share
A1: Region | B1: Share | C1: Fonte
A2: Sudeste | B2: 0.578 | C2: Anuário Estatístico da Indústria do Aço (Instituto Aço Brasil, 2025), Tab. 5.b — consumo aparente por macrorregião, ano-base 2024.
A3: Sul | B3: 0.228 | C3: idem
A4: Nordeste | B4: 0.11 | C4: idem
A5: Centro-Oeste | B5: 0.041 | C5: idem
A6: Norte | B6: 0.043 | C6: idem
A7: Soma (verificação) | B7: =SUM(B2:B6) -> 1

Sheet UF_Region
A1: UF | B1: UF_nome | C1: Region | D1: Fonte
A2: AC | B2: Acre | C2: Norte | D2: IBGE — Divisão Regional do Brasil (macrorregiões).
A3: AP | B3: Amapá | C3: Norte | D3: idem
A4: AM | B4: Amazonas | C4: Norte | D4: idem
A5: PA | B5: Pará | C5: Norte | D5: idem
A6: RO | B6: Rondônia | C6: Norte | D6: idem
A7: RR | B7: Roraima | C7: Norte | D7: idem
A8: TO | B8: Tocantins | C8: Norte | D8: idem
A9: AL | B9: Alagoas | C9: Nordeste | D9: idem
A10: BA | B10: Bahia | C10: Nordeste | D10: idem
A11: CE | B11: Ceará | C11: Nordeste | D11: idem
A12: MA | B12: Maranhão | C12: Nordeste | D12: idem
... A28: SC | B28: Santa Catarina | C28: Sul | D28: idem

Sheet Validacao
A1: Conferência dos tetos regionais — NÃO lida pelo modelo
A3: scrap_rate_EAF (t/t) | B3: 0.95 | C3: Model_Config, aba Routes, coluna Scrap_rate_t_per_t
A4: Envelope nacional 2024 (kt) | B4: 9146.3457 | C4: Model_Config, aba Scrap_Supply (Scrap_supply_kt, ano 2024)
A5: Envelope nacional 2050 (kt) | B5: 17059.706 | C5: Model_Config, aba Scrap_Supply (Scrap_supply_kt, ano 2050)
A7: Region | B7: Share | C7: Teto 2024 (kt) | D7: EAF máx 2024 (kt) | E7: Teto 2050 (kt) | F7: EAF máx 2050 (kt)
A8: Sudeste | B8: =Scrap_Regional_Share!B2 -> 0.578 | C8: =B8*$B$4 -> 5286.5878 | D8: =C8/$B$3 -> 5564.8293 | E8: =B8*$B$5 -> 9860.5099 | F8: =E8/$B$3 -> 10379.484
A9: Sul | B9: =Scrap_Regional_Share!B3 -> 0.228 | C9: =B9*$B$4 -> 2085.3668 | D9: =C9/$B$3 -> 2195.123 | E9: =B9*$B$5 -> 3889.6129 | F9: =E9/$B$3 -> 4094.3294
A10: Nordeste | B10: =Scrap_Regional_Share!B4 -> 0.11 | C10: =B10*$B$4 -> 1006.098 | D10: =C10/$B$3 -> 1059.0505 | E10: =B10*$B$5 -> 1876.5676 | F10: =E10/$B$3 -> 1975.3343
A11: Centro-Oeste | B11: =Scrap_Regional_Share!B5 -> 0.041 | C11: =B11*$B$4 -> 375.00017 | D11: =C11/$B$3 -> 394.73702 | E11: =B11*$B$5 -> 699.44794 | F11: =E11/$B$3 -> 736.26098
A12: Norte | B12: =Scrap_Regional_Share!B6 -> 0.043 | C12: =B12*$B$4 -> 393.29286 | D12: =C12/$B$3 -> 413.99249 | E12: =B12*$B$5 -> 733.56735 | F12: =E12/$B$3 -> 772.17615
A13: Total | B13: =SUM(B8:B12) -> 1 | C13: =SUM(C8:C12) -> 9146.3457 | D13: =SUM(D8:D12) -> 9627.7323 | E13: =SUM(E8:E12) -> 17059.706 | F13: =SUM(F8:F12) -> 17957.585
A15: Envelope nacional cresce ao longo do horizonte (8.586 kt em 2023 → 17.060 kt em 2050); os tetos regionais acompanham. Frações fixas em 2024 — ver ressalvas na Metodologia.
